date,asset,exchange,rate
2026-04-16,BNB,binance,4.0252
2026-04-17,BNB,binance,3.6296
2026-04-18,BNB,binance,0.619
2026-04-19,BNB,binance,0.4146
2026-04-20,BNB,binance,2.0035
2026-04-21,BNB,binance,1.9648
2026-04-22,BNB,binance,4.8888
2026-04-23,BNB,binance,0.4234
2026-04-24,BNB,binance,3.7869
2026-04-25,BNB,binance,1.1392
2026-04-26,BNB,binance,1.4053
2026-04-27,BNB,binance,0.8844
2026-04-28,BNB,binance,1.5195
2026-04-29,BNB,binance,1.7104
2026-04-30,BNB,binance,0.2544
2026-05-01,BNB,binance,1.1231
2026-05-02,BNB,binance,2.624
2026-05-03,BNB,binance,2.7415
2026-05-04,BNB,binance,5.6199
2026-05-05,BNB,binance,7.0354
2026-05-06,BNB,binance,8.0136
2026-05-07,BNB,binance,7.4004
2026-05-08,BNB,binance,0.1821
2026-05-09,BNB,binance,7.4526
2026-05-10,BNB,binance,3.7529
2026-05-11,BNB,binance,3.7398
2026-05-12,BNB,binance,8.1972
2026-05-13,BNB,binance,7.0463
2026-05-14,BNB,binance,0.0
2026-05-15,BNB,binance,4.5505
2026-05-16,BNB,binance,0.0
2026-04-16,BNB,bitget,9.0885
2026-04-17,BNB,bitget,4.672
2026-04-18,BNB,bitget,-5.8765
2026-04-19,BNB,bitget,-5.11
2026-04-20,BNB,bitget,6.716
2026-04-21,BNB,bitget,10.95
2026-04-22,BNB,bitget,6.57
2026-04-23,BNB,bitget,-1.4235
2026-04-24,BNB,bitget,10.95
2026-04-25,BNB,bitget,2.9565
2026-04-26,BNB,bitget,5.0735
2026-04-27,BNB,bitget,5.621
2026-04-28,BNB,bitget,-3.942
2026-04-29,BNB,bitget,0.9855
2026-04-30,BNB,bitget,9.198
2026-05-01,BNB,bitget,1.3505
2026-05-02,BNB,bitget,10.293
2026-05-03,BNB,bitget,-1.168
2026-05-04,BNB,bitget,-1.679
2026-05-05,BNB,bitget,4.599
2026-05-06,BNB,bitget,0.876
2026-05-07,BNB,bitget,8.76
2026-05-08,BNB,bitget,8.8695
2026-05-09,BNB,bitget,4.818
2026-05-10,BNB,bitget,3.3945
2026-05-11,BNB,bitget,10.95
2026-05-12,BNB,bitget,10.95
2026-05-13,BNB,bitget,-2.993
2026-05-14,BNB,bitget,2.336
2026-05-15,BNB,bitget,1.752
2026-05-16,BNB,bitget,4.2705
2026-04-16,BNB,bybit,7.4705
2026-04-17,BNB,bybit,10.95
2026-04-18,BNB,bybit,-1.4045
2026-04-19,BNB,bybit,-10.8131
2026-04-20,BNB,bybit,3.542
2026-04-21,BNB,bybit,7.861
2026-04-22,BNB,bybit,7.6946
2026-04-23,BNB,bybit,-3.8442
2026-04-24,BNB,bybit,5.944
2026-04-25,BNB,bybit,0.6643
2026-04-26,BNB,bybit,-12.2961
2026-04-27,BNB,bybit,3.0043
2026-04-28,BNB,bybit,5.5068
2026-04-29,BNB,bybit,-3.7891
2026-04-30,BNB,bybit,8.0665
2026-05-01,BNB,bybit,6.2634
2026-05-02,BNB,bybit,-2.0955
2026-05-03,BNB,bybit,3.8803
2026-05-04,BNB,bybit,-7.327
2026-05-05,BNB,bybit,6.3828
2026-05-06,BNB,bybit,10.95
2026-05-07,BNB,bybit,2.6119
2026-05-08,BNB,bybit,4.8052
2026-05-09,BNB,bybit,10.95
2026-05-10,BNB,bybit,8.9257
2026-05-11,BNB,bybit,2.4565
2026-05-12,BNB,bybit,-3.9489
2026-05-13,BNB,bybit,8.0435
2026-05-14,BNB,bybit,5.1315
2026-05-15,BNB,bybit,3.9234
2026-05-16,BNB,bybit,-7.6898
2026-04-16,BNB,gate,6.5335
2026-04-17,BNB,gate,7.8475
2026-04-18,BNB,gate,5.475
2026-04-19,BNB,gate,-4.672
2026-04-20,BNB,gate,10.293
2026-04-21,BNB,gate,9.3075
2026-04-22,BNB,gate,5.0735
2026-04-23,BNB,gate,0.876
2026-04-24,BNB,gate,9.928
2026-04-25,BNB,gate,3.6865
2026-04-26,BNB,gate,-6.4605
2026-04-27,BNB,gate,6.935
2026-04-28,BNB,gate,0.9855
2026-04-29,BNB,gate,1.971
2026-04-30,BNB,gate,0.6205
2026-05-01,BNB,gate,1.4235
2026-05-02,BNB,gate,3.1025
2026-05-03,BNB,gate,8.1395
2026-05-04,BNB,gate,7.4095
2026-05-05,BNB,gate,9.6725
2026-05-06,BNB,gate,10.95
2026-05-07,BNB,gate,8.2855
2026-05-08,BNB,gate,6.0225
2026-05-09,BNB,gate,10.95
2026-05-10,BNB,gate,10.6215
2026-05-11,BNB,gate,5.913
2026-05-12,BNB,gate,3.5405
2026-05-13,BNB,gate,6.643
2026-05-14,BNB,gate,2.2995
2026-05-15,BNB,gate,-0.9125
2026-05-16,BNB,gate,-0.511
2026-04-16,BNB,hyperliquid,10.95
2026-04-17,BNB,hyperliquid,10.95
2026-04-18,BNB,hyperliquid,10.95
2026-04-19,BNB,hyperliquid,8.4293
2026-04-20,BNB,hyperliquid,10.8213
2026-04-21,BNB,hyperliquid,10.95
2026-04-22,BNB,hyperliquid,10.95
2026-04-23,BNB,hyperliquid,10.4609
2026-04-24,BNB,hyperliquid,10.95
2026-04-25,BNB,hyperliquid,10.95
2026-04-26,BNB,hyperliquid,9.6276
2026-04-27,BNB,hyperliquid,10.7851
2026-04-28,BNB,hyperliquid,10.5122
2026-04-29,BNB,hyperliquid,4.4535
2026-04-30,BNB,hyperliquid,2.0466
2026-05-01,BNB,hyperliquid,1.8994
2026-05-02,BNB,hyperliquid,4.1217
2026-05-03,BNB,hyperliquid,3.6582
2026-05-04,BNB,hyperliquid,7.1609
2026-05-05,BNB,hyperliquid,9.4732
2026-05-06,BNB,hyperliquid,10.95
2026-05-07,BNB,hyperliquid,10.95
2026-05-08,BNB,hyperliquid,10.5526
2026-05-09,BNB,hyperliquid,10.95
2026-05-10,BNB,hyperliquid,10.95
2026-05-11,BNB,hyperliquid,10.95
2026-05-12,BNB,hyperliquid,10.6847
2026-05-13,BNB,hyperliquid,9.5592
2026-05-14,BNB,hyperliquid,7.4899
2026-05-15,BNB,hyperliquid,7.2363
2026-05-16,BNB,hyperliquid,2.8828
2026-04-16,BNB,okx,10.8706
2026-04-17,BNB,okx,9.6929
2026-04-18,BNB,okx,6.2398
2026-04-19,BNB,okx,2.7153
2026-04-20,BNB,okx,5.5244
2026-04-21,BNB,okx,8.5839
2026-04-22,BNB,okx,7.6453
2026-04-23,BNB,okx,-1.6529
2026-04-24,BNB,okx,7.5663
2026-04-25,BNB,okx,4.2024
2026-04-26,BNB,okx,-2.3503
2026-04-27,BNB,okx,-1.4235
2026-04-28,BNB,okx,4.2765
2026-04-29,BNB,okx,-2.024
2026-04-30,BNB,okx,-0.8612
2026-05-01,BNB,okx,5.6439
2026-05-02,BNB,okx,1.3612
2026-05-03,BNB,okx,8.3388
2026-05-04,BNB,okx,7.7416
2026-05-05,BNB,okx,10.444
2026-05-06,BNB,okx,10.95
2026-05-07,BNB,okx,8.0115
2026-05-08,BNB,okx,8.1194
2026-05-09,BNB,okx,7.0848
2026-05-10,BNB,okx,10.95
2026-05-11,BNB,okx,8.9311
2026-05-12,BNB,okx,2.4454
2026-05-13,BNB,okx,2.8535
2026-05-14,BNB,okx,-4.7454
2026-05-15,BNB,okx,-2.0286
2026-05-16,BNB,okx,-9.1182
2026-04-16,BTC,binance,-3.1693
2026-04-17,BTC,binance,-1.7859
2026-04-18,BTC,binance,-7.1452
2026-04-19,BTC,binance,-10.0981
2026-04-20,BTC,binance,-4.3643
2026-04-21,BTC,binance,-6.6065
2026-04-22,BTC,binance,0.1675
2026-04-23,BTC,binance,-6.5532
2026-04-24,BTC,binance,-5.4436
2026-04-25,BTC,binance,-4.7625
2026-04-26,BTC,binance,0.265
2026-04-27,BTC,binance,-5.1096
2026-04-28,BTC,binance,-0.6439
2026-04-29,BTC,binance,0.7399
2026-04-30,BTC,binance,-3.227
2026-05-01,BTC,binance,-3.2383
2026-05-02,BTC,binance,-3.1266
2026-05-03,BTC,binance,0.6241
2026-05-04,BTC,binance,0.2989
2026-05-05,BTC,binance,-4.7833
2026-05-06,BTC,binance,-6.923
2026-05-07,BTC,binance,-4.9198
2026-05-08,BTC,binance,-2.4083
2026-05-09,BTC,binance,0.5606
2026-05-10,BTC,binance,3.8314
2026-05-11,BTC,binance,4.7158
2026-05-12,BTC,binance,3.5989
2026-05-13,BTC,binance,4.5472
2026-05-14,BTC,binance,4.1734
2026-05-15,BTC,binance,-1.6232
2026-05-16,BTC,binance,3.1529
2026-04-16,BTC,bitget,-7.738
2026-04-17,BTC,bitget,-17.666
2026-04-18,BTC,bitget,-17.7025
2026-04-19,BTC,bitget,-1.752
2026-04-20,BTC,bitget,0.657
2026-04-21,BTC,bitget,-7.665
2026-04-22,BTC,bitget,-10.7675
2026-04-23,BTC,bitget,-3.4675
2026-04-24,BTC,bitget,-5.0735
2026-04-25,BTC,bitget,4.7085
2026-04-26,BTC,bitget,-3.723
2026-04-27,BTC,bitget,2.8835
2026-04-28,BTC,bitget,-1.241
2026-04-29,BTC,bitget,-3.5405
2026-04-30,BTC,bitget,0.5475
2026-05-01,BTC,bitget,-12.9575
2026-05-02,BTC,bitget,-3.431
2026-05-03,BTC,bitget,1.606
2026-05-04,BTC,bitget,-8.6505
2026-05-05,BTC,bitget,-11.388
2026-05-06,BTC,bitget,-5.767
2026-05-07,BTC,bitget,2.5185
2026-05-08,BTC,bitget,3.8325
2026-05-09,BTC,bitget,-2.701
2026-05-10,BTC,bitget,1.241
2026-05-11,BTC,bitget,1.46
2026-05-12,BTC,bitget,2.336
2026-05-13,BTC,bitget,1.5695
2026-05-14,BTC,bitget,-3.7595
2026-05-15,BTC,bitget,8.1395
2026-05-16,BTC,bitget,10.95
2026-04-16,BTC,bybit,-7.6037
2026-04-17,BTC,bybit,-2.1962
2026-04-18,BTC,bybit,-13.4597
2026-04-19,BTC,bybit,-0.419
2026-04-20,BTC,bybit,1.2738
2026-04-21,BTC,bybit,-6.3138
2026-04-22,BTC,bybit,2.793
2026-04-23,BTC,bybit,-4.1749
2026-04-24,BTC,bybit,-1.7889
2026-04-25,BTC,bybit,1.6816
2026-04-26,BTC,bybit,4.9936
2026-04-27,BTC,bybit,2.7123
2026-04-28,BTC,bybit,-4.6005
2026-04-29,BTC,bybit,-2.0747
2026-04-30,BTC,bybit,-1.9462
2026-05-01,BTC,bybit,-6.5138
2026-05-02,BTC,bybit,-8.1004
2026-05-03,BTC,bybit,3.0711
2026-05-04,BTC,bybit,-3.3872
2026-05-05,BTC,bybit,-3.0872
2026-05-06,BTC,bybit,-7.5029
2026-05-07,BTC,bybit,0.2697
2026-05-08,BTC,bybit,3.5598
2026-05-09,BTC,bybit,-2.6035
2026-05-10,BTC,bybit,1.6717
2026-05-11,BTC,bybit,3.7518
2026-05-12,BTC,bybit,-1.1238
2026-05-13,BTC,bybit,2.632
2026-05-14,BTC,bybit,4.0511
2026-05-15,BTC,bybit,-1.0242
2026-05-16,BTC,bybit,0.2723
2026-04-16,BTC,cme-jun,4.8241
2026-04-17,BTC,cme-jun,5.7509
2026-04-19,BTC,cme-jun,4.6317
2026-04-20,BTC,cme-jun,6.3512
2026-04-21,BTC,cme-jun,3.0683
2026-04-22,BTC,cme-jun,5.4635
2026-04-23,BTC,cme-jun,4.9917
2026-04-24,BTC,cme-jun,5.6896
2026-04-26,BTC,cme-jun,6.3319
2026-04-27,BTC,cme-jun,5.2264
2026-04-28,BTC,cme-jun,4.9118
2026-04-29,BTC,cme-jun,5.3736
2026-04-30,BTC,cme-jun,5.3008
2026-05-01,BTC,cme-jun,5.7896
2026-05-03,BTC,cme-jun,6.5328
2026-05-04,BTC,cme-jun,5.635
2026-05-05,BTC,cme-jun,6.0155
2026-05-06,BTC,cme-jun,5.2686
2026-05-07,BTC,cme-jun,4.9396
2026-05-08,BTC,cme-jun,5.0577
2026-05-10,BTC,cme-jun,5.0403
2026-05-11,BTC,cme-jun,4.9465
2026-05-12,BTC,cme-jun,5.077
2026-05-13,BTC,cme-jun,4.187
2026-04-16,BTC,cme-may,4.89
2026-04-17,BTC,cme-may,5.6752
2026-04-19,BTC,cme-may,4.521
2026-04-20,BTC,cme-may,4.9886
2026-04-21,BTC,cme-may,5.5534
2026-04-22,BTC,cme-may,6.2629
2026-04-23,BTC,cme-may,5.7211
2026-04-24,BTC,cme-may,6.0408
2026-04-26,BTC,cme-may,5.7525
2026-04-27,BTC,cme-may,5.3915
2026-04-28,BTC,cme-may,5.0432
2026-04-29,BTC,cme-may,5.2339
2026-04-30,BTC,cme-may,5.1035
2026-05-01,BTC,cme-may,6.0678
2026-05-03,BTC,cme-may,6.2053
2026-05-04,BTC,cme-may,6.4042
2026-05-05,BTC,cme-may,6.6146
2026-05-06,BTC,cme-may,5.8737
2026-05-07,BTC,cme-may,4.7197
2026-05-08,BTC,cme-may,4.2126
2026-05-10,BTC,cme-may,4.7453
2026-05-11,BTC,cme-may,4.4263
2026-05-12,BTC,cme-may,3.6287
2026-05-13,BTC,cme-may,2.5235
2026-04-27,BTC,cme-sep,6.3602
2026-05-11,BTC,cme-sep,5.3181
2026-05-13,BTC,cme-sep,9.7571
2026-04-16,BTC,deribit-jun,1.9636
2026-04-17,BTC,deribit-jun,1.9919
2026-04-18,BTC,deribit-jun,1.8943
2026-04-19,BTC,deribit-jun,1.7837
2026-04-20,BTC,deribit-jun,1.4611
2026-04-21,BTC,deribit-jun,1.1917
2026-04-22,BTC,deribit-jun,1.1988
2026-04-23,BTC,deribit-jun,1.094
2026-04-24,BTC,deribit-jun,1.2157
2026-04-25,BTC,deribit-jun,1.0938
2026-04-26,BTC,deribit-jun,0.9408
2026-04-27,BTC,deribit-jun,1.1704
2026-04-28,BTC,deribit-jun,1.0989
2026-04-29,BTC,deribit-jun,1.2421
2026-04-30,BTC,deribit-jun,1.1779
2026-05-01,BTC,deribit-jun,1.2809
2026-05-02,BTC,deribit-jun,1.1542
2026-05-03,BTC,deribit-jun,1.1541
2026-05-04,BTC,deribit-jun,1.5464
2026-05-05,BTC,deribit-jun,1.1836
2026-05-06,BTC,deribit-jun,1.2468
2026-05-07,BTC,deribit-jun,1.6536
2026-05-08,BTC,deribit-jun,1.678
2026-05-09,BTC,deribit-jun,1.7734
2026-05-10,BTC,deribit-jun,1.529
2026-05-11,BTC,deribit-jun,1.6656
2026-05-12,BTC,deribit-jun,1.7165
2026-05-13,BTC,deribit-jun,1.9779
2026-05-14,BTC,deribit-jun,1.7174
2026-05-15,BTC,deribit-jun,1.2568
2026-05-16,BTC,deribit-jun,0.8283
2026-04-16,BTC,deribit-may,1.5946
2026-04-17,BTC,deribit-may,1.4147
2026-04-18,BTC,deribit-may,0.9335
2026-04-19,BTC,deribit-may,1.141
2026-04-20,BTC,deribit-may,0.662
2026-04-21,BTC,deribit-may,0.4594
2026-04-22,BTC,deribit-may,0.5573
2026-04-23,BTC,deribit-may,0.3923
2026-04-24,BTC,deribit-may,0.3638
2026-04-25,BTC,deribit-may,0.3323
2026-04-26,BTC,deribit-may,0.323
2026-04-27,BTC,deribit-may,0.6304
2026-04-28,BTC,deribit-may,0.5562
2026-04-29,BTC,deribit-may,0.7691
2026-04-30,BTC,deribit-may,0.781
2026-05-01,BTC,deribit-may,0.546
2026-05-02,BTC,deribit-may,0.4116
2026-05-03,BTC,deribit-may,0.6802
2026-05-04,BTC,deribit-may,0.9127
2026-05-05,BTC,deribit-may,0.3984
2026-05-06,BTC,deribit-may,0.9597
2026-05-07,BTC,deribit-may,1.5735
2026-05-08,BTC,deribit-may,1.6485
2026-05-09,BTC,deribit-may,1.6305
2026-05-10,BTC,deribit-may,1.1152
2026-05-11,BTC,deribit-may,1.4688
2026-05-12,BTC,deribit-may,1.6479
2026-05-13,BTC,deribit-may,1.5512
2026-05-14,BTC,deribit-may,1.2309
2026-05-15,BTC,deribit-may,-0.153
2026-05-16,BTC,deribit-may,-0.3474
2026-04-16,BTC,deribit-sep,2.4926
2026-04-17,BTC,deribit-sep,2.5121
2026-04-18,BTC,deribit-sep,2.5363
2026-04-19,BTC,deribit-sep,2.4888
2026-04-20,BTC,deribit-sep,2.4059
2026-04-21,BTC,deribit-sep,2.3067
2026-04-22,BTC,deribit-sep,2.0736
2026-04-23,BTC,deribit-sep,1.9718
2026-04-24,BTC,deribit-sep,2.0015
2026-04-25,BTC,deribit-sep,1.9706
2026-04-26,BTC,deribit-sep,1.8972
2026-04-27,BTC,deribit-sep,2.009
2026-04-28,BTC,deribit-sep,1.9085
2026-04-29,BTC,deribit-sep,2.0543
2026-04-30,BTC,deribit-sep,1.9296
2026-05-01,BTC,deribit-sep,2.0501
2026-05-02,BTC,deribit-sep,1.9885
2026-05-03,BTC,deribit-sep,2.0217
2026-05-04,BTC,deribit-sep,2.1526
2026-05-05,BTC,deribit-sep,2.1451
2026-05-06,BTC,deribit-sep,2.1332
2026-05-07,BTC,deribit-sep,2.3359
2026-05-08,BTC,deribit-sep,2.3909
2026-05-09,BTC,deribit-sep,2.3192
2026-05-10,BTC,deribit-sep,2.2709
2026-05-11,BTC,deribit-sep,2.36
2026-05-12,BTC,deribit-sep,2.4519
2026-05-13,BTC,deribit-sep,2.5138
2026-05-14,BTC,deribit-sep,2.5752
2026-05-15,BTC,deribit-sep,2.3532
2026-05-16,BTC,deribit-sep,2.1737
2026-04-16,BTC,gate,-10.7675
2026-04-17,BTC,gate,-11.68
2026-04-18,BTC,gate,-6.57
2026-04-19,BTC,gate,-3.212
2026-04-20,BTC,gate,-0.146
2026-04-21,BTC,gate,-6.3145
2026-04-22,BTC,gate,-10.6945
2026-04-23,BTC,gate,-3.9785
2026-04-24,BTC,gate,-9.3075
2026-04-25,BTC,gate,-1.9345
2026-04-26,BTC,gate,-6.132
2026-04-27,BTC,gate,-8.5775
2026-04-28,BTC,gate,-6.57
2026-04-29,BTC,gate,-6.0225
2026-04-30,BTC,gate,-2.263
2026-05-01,BTC,gate,-9.709
2026-05-02,BTC,gate,-6.789
2026-05-03,BTC,gate,-3.431
2026-05-04,BTC,gate,-8.249
2026-05-05,BTC,gate,-9.636
2026-05-06,BTC,gate,-8.2855
2026-05-07,BTC,gate,3.577
2026-05-08,BTC,gate,2.263
2026-05-09,BTC,gate,-2.336
2026-05-10,BTC,gate,-2.263
2026-05-11,BTC,gate,-6.497
2026-05-12,BTC,gate,3.5405
2026-05-13,BTC,gate,2.263
2026-05-14,BTC,gate,3.431
2026-05-15,BTC,gate,10.2565
2026-05-16,BTC,gate,5.9495
2026-04-16,BTC,hyperliquid,-1.2983
2026-04-17,BTC,hyperliquid,-4.6288
2026-04-18,BTC,hyperliquid,-8.9428
2026-04-19,BTC,hyperliquid,-5.4228
2026-04-20,BTC,hyperliquid,0.0063
2026-04-21,BTC,hyperliquid,-0.7519
2026-04-22,BTC,hyperliquid,-4.6011
2026-04-23,BTC,hyperliquid,4.6871
2026-04-24,BTC,hyperliquid,9.3362
2026-04-25,BTC,hyperliquid,6.9584
2026-04-26,BTC,hyperliquid,2.8857
2026-04-27,BTC,hyperliquid,3.9569
2026-04-28,BTC,hyperliquid,-2.1793
2026-04-29,BTC,hyperliquid,-2.4942
2026-04-30,BTC,hyperliquid,-4.0005
2026-05-01,BTC,hyperliquid,-5.81
2026-05-02,BTC,hyperliquid,-0.5938
2026-05-03,BTC,hyperliquid,5.8338
2026-05-04,BTC,hyperliquid,-2.835
2026-05-05,BTC,hyperliquid,2.7462
2026-05-06,BTC,hyperliquid,7.7928
2026-05-07,BTC,hyperliquid,6.0535
2026-05-08,BTC,hyperliquid,9.3509
2026-05-09,BTC,hyperliquid,2.1288
2026-05-10,BTC,hyperliquid,4.0968
2026-05-11,BTC,hyperliquid,3.172
2026-05-12,BTC,hyperliquid,7.7252
2026-05-13,BTC,hyperliquid,5.8134
2026-05-14,BTC,hyperliquid,-0.6729
2026-05-15,BTC,hyperliquid,0.8334
2026-05-16,BTC,hyperliquid,-9.452
2026-04-16,BTC,lighter,2.2995
2026-04-17,BTC,lighter,-10.001
2026-04-18,BTC,lighter,-2.263
2026-04-19,BTC,lighter,0.365
2026-04-20,BTC,lighter,1.898
2026-04-21,BTC,lighter,0.1095
2026-04-22,BTC,lighter,-9.7455
2026-04-23,BTC,lighter,-5.7305
2026-04-24,BTC,lighter,-4.1245
2026-04-25,BTC,lighter,-6.351
2026-04-26,BTC,lighter,-1.7885
2026-04-27,BTC,lighter,-3.796
2026-04-28,BTC,lighter,0.73
2026-04-29,BTC,lighter,-1.387
2026-04-30,BTC,lighter,-0.4015
2026-05-01,BTC,lighter,-2.1535
2026-05-02,BTC,lighter,1.168
2026-05-03,BTC,lighter,2.044
2026-05-04,BTC,lighter,-4.088
2026-05-05,BTC,lighter,-9.7455
2026-05-06,BTC,lighter,-4.38
2026-05-07,BTC,lighter,-0.876
2026-05-08,BTC,lighter,0.0365
2026-05-09,BTC,lighter,1.533
2026-05-10,BTC,lighter,1.0585
2026-05-11,BTC,lighter,-2.336
2026-05-12,BTC,lighter,-2.19
2026-05-13,BTC,lighter,-0.949
2026-05-14,BTC,lighter,-7.227
2026-05-15,BTC,lighter,-4.599
2026-05-16,BTC,lighter,-1.9467
2026-04-16,BTC,okx,-3.5131
2026-04-17,BTC,okx,-3.0367
2026-04-18,BTC,okx,-0.513
2026-04-19,BTC,okx,-5.0704
2026-04-20,BTC,okx,0.4265
2026-04-21,BTC,okx,0.3247
2026-04-22,BTC,okx,-0.8543
2026-04-23,BTC,okx,-5.3964
2026-04-24,BTC,okx,-2.6345
2026-04-25,BTC,okx,-4.4193
2026-04-26,BTC,okx,2.0038
2026-04-27,BTC,okx,-5.5414
2026-04-28,BTC,okx,-5.2419
2026-04-29,BTC,okx,0.5104
2026-04-30,BTC,okx,-2.8064
2026-05-01,BTC,okx,-2.1369
2026-05-02,BTC,okx,-1.2954
2026-05-03,BTC,okx,0.4588
2026-05-04,BTC,okx,1.7578
2026-05-05,BTC,okx,-1.2972
2026-05-06,BTC,okx,-0.9501
2026-05-07,BTC,okx,1.616
2026-05-08,BTC,okx,7.7885
2026-05-09,BTC,okx,3.1859
2026-05-10,BTC,okx,3.8072
2026-05-11,BTC,okx,5.1002
2026-05-12,BTC,okx,-3.4447
2026-05-13,BTC,okx,4.4323
2026-05-14,BTC,okx,4.243
2026-05-15,BTC,okx,2.5938
2026-05-16,BTC,okx,8.9509
2026-04-16,ETH,binance,-3.9975
2026-04-17,ETH,binance,1.2906
2026-04-18,ETH,binance,-6.7532
2026-04-19,ETH,binance,-16.2469
2026-04-20,ETH,binance,-0.5347
2026-04-21,ETH,binance,-4.2398
2026-04-22,ETH,binance,5.8228
2026-04-23,ETH,binance,0.7023
2026-04-24,ETH,binance,-8.3519
2026-04-25,ETH,binance,-3.9778
2026-04-26,ETH,binance,-2.1911
2026-04-27,ETH,binance,-7.9577
2026-04-28,ETH,binance,-10.0579
2026-04-29,ETH,binance,4.5015
2026-04-30,ETH,binance,-6.7302
2026-05-01,ETH,binance,-2.9091
2026-05-02,ETH,binance,-1.7246
2026-05-03,ETH,binance,3.854
2026-05-04,ETH,binance,4.5457
2026-05-05,ETH,binance,-3.8237
2026-05-06,ETH,binance,-6.1203
2026-05-07,ETH,binance,-8.3899
2026-05-08,ETH,binance,-2.6459
2026-05-09,ETH,binance,7.0109
2026-05-10,ETH,binance,9.0943
2026-05-11,ETH,binance,4.657
2026-05-12,ETH,binance,3.1408
2026-05-13,ETH,binance,2.4422
2026-05-14,ETH,binance,5.6294
2026-05-15,ETH,binance,0.3555
2026-05-16,ETH,binance,6.6091
2026-04-16,ETH,bitget,-3.431
2026-04-17,ETH,bitget,-3.942
2026-04-18,ETH,bitget,-24.017
2026-04-19,ETH,bitget,-10.658
2026-04-20,ETH,bitget,4.8545
2026-04-21,ETH,bitget,-12.5195
2026-04-22,ETH,bitget,-0.292
2026-04-23,ETH,bitget,5.329
2026-04-24,ETH,bitget,5.548
2026-04-25,ETH,bitget,2.482
2026-04-26,ETH,bitget,9.4535
2026-04-27,ETH,bitget,8.7235
2026-04-28,ETH,bitget,4.891
2026-04-29,ETH,bitget,9.3075
2026-04-30,ETH,bitget,4.161
2026-05-01,ETH,bitget,0.9125
2026-05-02,ETH,bitget,4.8545
2026-05-03,ETH,bitget,8.4315
2026-05-04,ETH,bitget,-1.679
2026-05-05,ETH,bitget,-4.307
2026-05-06,ETH,bitget,-0.4015
2026-05-07,ETH,bitget,10.95
2026-05-08,ETH,bitget,10.95
2026-05-09,ETH,bitget,10.95
2026-05-10,ETH,bitget,10.95
2026-05-11,ETH,bitget,10.95
2026-05-12,ETH,bitget,10.95
2026-05-13,ETH,bitget,10.6945
2026-05-14,ETH,bitget,10.95
2026-05-15,ETH,bitget,10.1835
2026-05-16,ETH,bitget,10.95
2026-04-16,ETH,bybit,0.0266
2026-04-17,ETH,bybit,-1.4366
2026-04-18,ETH,bybit,-19.9031
2026-04-19,ETH,bybit,-6.4412
2026-04-20,ETH,bybit,-0.5895
2026-04-21,ETH,bybit,-8.3673
2026-04-22,ETH,bybit,5.4867
2026-04-23,ETH,bybit,-5.5443
2026-04-24,ETH,bybit,-7.899
2026-04-25,ETH,bybit,3.965
2026-04-26,ETH,bybit,1.8699
2026-04-27,ETH,bybit,-2.709
2026-04-28,ETH,bybit,-4.1223
2026-04-29,ETH,bybit,0.7063
2026-04-30,ETH,bybit,1.7739
2026-05-01,ETH,bybit,2.4064
2026-05-02,ETH,bybit,-3.0492
2026-05-03,ETH,bybit,2.847
2026-05-04,ETH,bybit,-3.3704
2026-05-05,ETH,bybit,0.5971
2026-05-06,ETH,bybit,-6.3649
2026-05-07,ETH,bybit,0.3938
2026-05-08,ETH,bybit,5.4557
2026-05-09,ETH,bybit,3.7526
2026-05-10,ETH,bybit,5.7057
2026-05-11,ETH,bybit,4.4216
2026-05-12,ETH,bybit,-1.1446
2026-05-13,ETH,bybit,4.8764
2026-05-14,ETH,bybit,6.5408
2026-05-15,ETH,bybit,1.4253
2026-05-16,ETH,bybit,4.1723
2026-04-17,ETH,cme-jun,4.9037
2026-04-19,ETH,cme-jun,3.3252
2026-04-20,ETH,cme-jun,4.81
2026-04-21,ETH,cme-jun,6.237
2026-04-22,ETH,cme-jun,5.729
2026-04-23,ETH,cme-jun,5.0087
2026-04-24,ETH,cme-jun,5.2616
2026-04-26,ETH,cme-jun,4.4104
2026-04-27,ETH,cme-jun,5.2899
2026-04-28,ETH,cme-jun,4.4208
2026-04-29,ETH,cme-jun,4.5002
2026-04-30,ETH,cme-jun,4.4495
2026-05-01,ETH,cme-jun,5.6841
2026-05-03,ETH,cme-jun,5.2004
2026-05-04,ETH,cme-jun,6.1225
2026-05-05,ETH,cme-jun,6.0407
2026-05-06,ETH,cme-jun,5.688
2026-05-07,ETH,cme-jun,4.8381
2026-05-08,ETH,cme-jun,3.9065
2026-05-10,ETH,cme-jun,5.0933
2026-05-11,ETH,cme-jun,5.048
2026-05-12,ETH,cme-jun,4.1002
2026-05-13,ETH,cme-jun,3.021
2026-04-16,ETH,cme-may,5.3337
2026-04-17,ETH,cme-may,6.4987
2026-04-19,ETH,cme-may,5.9934
2026-04-20,ETH,cme-may,5.2594
2026-04-21,ETH,cme-may,6.1311
2026-04-22,ETH,cme-may,6.9472
2026-04-23,ETH,cme-may,5.8076
2026-04-24,ETH,cme-may,5.6621
2026-04-26,ETH,cme-may,6.7258
2026-04-27,ETH,cme-may,5.3197
2026-04-28,ETH,cme-may,4.7976
2026-04-29,ETH,cme-may,5.066
2026-04-30,ETH,cme-may,4.4811
2026-05-01,ETH,cme-may,5.9196
2026-05-03,ETH,cme-may,6.1815
2026-05-04,ETH,cme-may,6.795
2026-05-05,ETH,cme-may,6.9223
2026-05-06,ETH,cme-may,6.1952
2026-05-07,ETH,cme-may,4.6193
2026-05-08,ETH,cme-may,4.2407
2026-05-10,ETH,cme-may,5.8427
2026-05-11,ETH,cme-may,4.4509
2026-05-12,ETH,cme-may,2.847
2026-05-13,ETH,cme-may,-0.6302
2026-04-16,ETH,deribit-jun,1.8489
2026-04-17,ETH,deribit-jun,1.895
2026-04-18,ETH,deribit-jun,1.9141
2026-04-19,ETH,deribit-jun,1.7466
2026-04-20,ETH,deribit-jun,1.3079
2026-04-21,ETH,deribit-jun,1.3444
2026-04-22,ETH,deribit-jun,1.3436
2026-04-23,ETH,deribit-jun,1.2492
2026-04-24,ETH,deribit-jun,1.0975
2026-04-25,ETH,deribit-jun,1.111
2026-04-26,ETH,deribit-jun,0.8595
2026-04-27,ETH,deribit-jun,1.0484
2026-04-28,ETH,deribit-jun,0.9084
2026-04-29,ETH,deribit-jun,0.9981
2026-04-30,ETH,deribit-jun,0.9734
2026-05-01,ETH,deribit-jun,1.2384
2026-05-02,ETH,deribit-jun,1.0398
2026-05-03,ETH,deribit-jun,1.137
2026-05-04,ETH,deribit-jun,1.4486
2026-05-05,ETH,deribit-jun,1.1308
2026-05-06,ETH,deribit-jun,1.4588
2026-05-07,ETH,deribit-jun,1.4872
2026-05-08,ETH,deribit-jun,1.6262
2026-05-09,ETH,deribit-jun,1.9055
2026-05-10,ETH,deribit-jun,1.7349
2026-05-11,ETH,deribit-jun,1.7807
2026-05-12,ETH,deribit-jun,2.1754
2026-05-13,ETH,deribit-jun,2.2838
2026-05-14,ETH,deribit-jun,2.1591
2026-05-15,ETH,deribit-jun,1.513
2026-05-16,ETH,deribit-jun,1.5943
2026-04-16,ETH,deribit-may,1.31
2026-04-17,ETH,deribit-may,1.6527
2026-04-18,ETH,deribit-may,1.7267
2026-04-19,ETH,deribit-may,1.693
2026-04-20,ETH,deribit-may,0.8863
2026-04-21,ETH,deribit-may,1.557
2026-04-22,ETH,deribit-may,1.1314
2026-04-23,ETH,deribit-may,0.7756
2026-04-24,ETH,deribit-may,0.4366
2026-04-25,ETH,deribit-may,0.5072
2026-04-26,ETH,deribit-may,0.3198
2026-04-27,ETH,deribit-may,0.6139
2026-04-28,ETH,deribit-may,0.4737
2026-04-29,ETH,deribit-may,0.3663
2026-04-30,ETH,deribit-may,0.7245
2026-05-01,ETH,deribit-may,1.1043
2026-05-02,ETH,deribit-may,0.5877
2026-05-03,ETH,deribit-may,0.7624
2026-05-04,ETH,deribit-may,1.1634
2026-05-05,ETH,deribit-may,0.9168
2026-05-06,ETH,deribit-may,0.8639
2026-05-07,ETH,deribit-may,0.6317
2026-05-08,ETH,deribit-may,0.9321
2026-05-09,ETH,deribit-may,1.8393
2026-05-10,ETH,deribit-may,1.6151
2026-05-11,ETH,deribit-may,1.8857
2026-05-12,ETH,deribit-may,2.0636
2026-05-13,ETH,deribit-may,2.3321
2026-05-14,ETH,deribit-may,2.496
2026-05-15,ETH,deribit-may,0.4881
2026-05-16,ETH,deribit-may,0.6818
2026-04-16,ETH,deribit-sep,2.5688
2026-04-17,ETH,deribit-sep,2.589
2026-04-18,ETH,deribit-sep,2.6306
2026-04-19,ETH,deribit-sep,2.5707
2026-04-20,ETH,deribit-sep,2.3526
2026-04-21,ETH,deribit-sep,2.4059
2026-04-22,ETH,deribit-sep,2.3873
2026-04-23,ETH,deribit-sep,2.3784
2026-04-24,ETH,deribit-sep,2.3166
2026-04-25,ETH,deribit-sep,2.3465
2026-04-26,ETH,deribit-sep,2.1978
2026-04-27,ETH,deribit-sep,2.3028
2026-04-28,ETH,deribit-sep,2.1358
2026-04-29,ETH,deribit-sep,2.2084
2026-04-30,ETH,deribit-sep,2.1938
2026-05-01,ETH,deribit-sep,2.2603
2026-05-02,ETH,deribit-sep,2.2053
2026-05-03,ETH,deribit-sep,2.2138
2026-05-04,ETH,deribit-sep,2.2365
2026-05-05,ETH,deribit-sep,2.201
2026-05-06,ETH,deribit-sep,2.1996
2026-05-07,ETH,deribit-sep,2.3058
2026-05-08,ETH,deribit-sep,2.3837
2026-05-09,ETH,deribit-sep,2.3896
2026-05-10,ETH,deribit-sep,2.2539
2026-05-11,ETH,deribit-sep,2.3897
2026-05-12,ETH,deribit-sep,2.478
2026-05-13,ETH,deribit-sep,2.6024
2026-05-14,ETH,deribit-sep,2.5745
2026-05-15,ETH,deribit-sep,2.3895
2026-05-16,ETH,deribit-sep,2.4586
2026-04-16,ETH,gate,-7.227
2026-04-17,ETH,gate,-6.132
2026-04-18,ETH,gate,2.336
2026-04-19,ETH,gate,-4.453
2026-04-20,ETH,gate,0.949
2026-04-21,ETH,gate,1.825
2026-04-22,ETH,gate,-7.081
2026-04-23,ETH,gate,4.38
2026-04-24,ETH,gate,-4.5625
2026-04-25,ETH,gate,1.1315
2026-04-26,ETH,gate,-5.6575
2026-04-27,ETH,gate,-9.3805
2026-04-28,ETH,gate,-0.511
2026-04-29,ETH,gate,-3.066
2026-04-30,ETH,gate,-8.5775
2026-05-01,ETH,gate,-3.65
2026-05-02,ETH,gate,-3.066
2026-05-03,ETH,gate,-2.9565
2026-05-04,ETH,gate,-10.877
2026-05-05,ETH,gate,-7.8475
2026-05-06,ETH,gate,-3.3945
2026-05-07,ETH,gate,9.052
2026-05-08,ETH,gate,5.5845
2026-05-09,ETH,gate,10.074
2026-05-10,ETH,gate,7.1175
2026-05-11,ETH,gate,2.8835
2026-05-12,ETH,gate,6.0955
2026-05-13,ETH,gate,4.38
2026-05-14,ETH,gate,5.9495
2026-05-15,ETH,gate,10.95
2026-05-16,ETH,gate,8.7235
2026-04-16,ETH,hyperliquid,-16.3765
2026-04-17,ETH,hyperliquid,-10.1224
2026-04-18,ETH,hyperliquid,-14.879
2026-04-19,ETH,hyperliquid,-16.167
2026-04-20,ETH,hyperliquid,-1.3972
2026-04-21,ETH,hyperliquid,-4.4673
2026-04-22,ETH,hyperliquid,5.2652
2026-04-23,ETH,hyperliquid,-2.2797
2026-04-24,ETH,hyperliquid,-1.7449
2026-04-25,ETH,hyperliquid,4.5143
2026-04-26,ETH,hyperliquid,-3.3197
2026-04-27,ETH,hyperliquid,0.8352
2026-04-28,ETH,hyperliquid,0.2917
2026-04-29,ETH,hyperliquid,8.1598
2026-04-30,ETH,hyperliquid,2.8065
2026-05-01,ETH,hyperliquid,8.017
2026-05-02,ETH,hyperliquid,8.515
2026-05-03,ETH,hyperliquid,9.345
2026-05-04,ETH,hyperliquid,5.7215
2026-05-05,ETH,hyperliquid,5.9383
2026-05-06,ETH,hyperliquid,4.7931
2026-05-07,ETH,hyperliquid,5.8336
2026-05-08,ETH,hyperliquid,9.8847
2026-05-09,ETH,hyperliquid,10.4133
2026-05-10,ETH,hyperliquid,10.95
2026-05-11,ETH,hyperliquid,10.6618
2026-05-12,ETH,hyperliquid,8.3932
2026-05-13,ETH,hyperliquid,10.7446
2026-05-14,ETH,hyperliquid,9.1133
2026-05-15,ETH,hyperliquid,5.8115
2026-05-16,ETH,hyperliquid,3.6289
2026-04-16,ETH,lighter,0.5475
2026-04-17,ETH,lighter,2.117
2026-04-18,ETH,lighter,3.796
2026-04-19,ETH,lighter,-15.3665
2026-04-20,ETH,lighter,-0.9855
2026-04-21,ETH,lighter,-6.8985
2026-04-22,ETH,lighter,0.8395
2026-04-23,ETH,lighter,-1.022
2026-04-24,ETH,lighter,-3.431
2026-04-25,ETH,lighter,-0.876
2026-04-26,ETH,lighter,0.9855
2026-04-27,ETH,lighter,-4.818
2026-04-28,ETH,lighter,-7.008
2026-04-29,ETH,lighter,4.4165
2026-04-30,ETH,lighter,-2.774
2026-05-01,ETH,lighter,3.0295
2026-05-02,ETH,lighter,3.942
2026-05-03,ETH,lighter,2.847
2026-05-04,ETH,lighter,3.942
2026-05-05,ETH,lighter,-0.2555
2026-05-06,ETH,lighter,3.5405
2026-05-07,ETH,lighter,0.219
2026-05-08,ETH,lighter,2.92
2026-05-09,ETH,lighter,9.49
2026-05-10,ETH,lighter,7.665
2026-05-11,ETH,lighter,5.986
2026-05-12,ETH,lighter,6.351
2026-05-13,ETH,lighter,6.351
2026-05-14,ETH,lighter,5.9495
2026-05-15,ETH,lighter,2.482
2026-05-16,ETH,lighter,6.7647
2026-04-16,ETH,okx,-3.8483
2026-04-17,ETH,okx,-0.648
2026-04-18,ETH,okx,6.7391
2026-04-19,ETH,okx,-9.8435
2026-04-20,ETH,okx,1.2233
2026-04-21,ETH,okx,-4.1337
2026-04-22,ETH,okx,0.7135
2026-04-23,ETH,okx,-3.2333
2026-04-24,ETH,okx,-4.1477
2026-04-25,ETH,okx,4.1388
2026-04-26,ETH,okx,1.8028
2026-04-27,ETH,okx,-4.7046
2026-04-28,ETH,okx,-6.2783
2026-04-29,ETH,okx,5.1844
2026-04-30,ETH,okx,-1.7913
2026-05-01,ETH,okx,-4.6683
2026-05-02,ETH,okx,-2.2513
2026-05-03,ETH,okx,5.5794
2026-05-04,ETH,okx,3.619
2026-05-05,ETH,okx,0.8501
2026-05-06,ETH,okx,6.3614
2026-05-07,ETH,okx,3.9315
2026-05-08,ETH,okx,9.4924
2026-05-09,ETH,okx,9.155
2026-05-10,ETH,okx,8.8455
2026-05-11,ETH,okx,8.5406
2026-05-12,ETH,okx,6.1851
2026-05-13,ETH,okx,6.782
2026-05-14,ETH,okx,4.223
2026-05-15,ETH,okx,6.4125
2026-05-16,ETH,okx,6.9141
2026-04-16,HYPE,bitget,1.533
2026-04-17,HYPE,bitget,4.1245
2026-04-18,HYPE,bitget,-5.5115
2026-04-19,HYPE,bitget,10.95
2026-04-20,HYPE,bitget,10.95
2026-04-21,HYPE,bitget,10.95
2026-04-22,HYPE,bitget,-2.4455
2026-04-23,HYPE,bitget,-14.4175
2026-04-24,HYPE,bitget,9.0155
2026-04-25,HYPE,bitget,10.1835
2026-04-26,HYPE,bitget,1.9345
2026-04-27,HYPE,bitget,-2.555
2026-04-28,HYPE,bitget,2.0805
2026-04-29,HYPE,bitget,8.833
2026-04-30,HYPE,bitget,-11.607
2026-05-01,HYPE,bitget,-12.2275
2026-05-02,HYPE,bitget,10.95
2026-05-03,HYPE,bitget,10.95
2026-05-04,HYPE,bitget,1.5695
2026-05-05,HYPE,bitget,-6.716
2026-05-06,HYPE,bitget,-4.964
2026-05-07,HYPE,bitget,10.95
2026-05-08,HYPE,bitget,10.95
2026-05-09,HYPE,bitget,5.548
2026-05-10,HYPE,bitget,1.7155
2026-05-11,HYPE,bitget,-3.723
2026-05-12,HYPE,bitget,9.636
2026-05-13,HYPE,bitget,4.5625
2026-05-14,HYPE,bitget,2.774
2026-05-15,HYPE,bitget,-3.139
2026-05-16,HYPE,bitget,-2.3652
2026-04-16,HYPE,bybit,-10.7171
2026-04-17,HYPE,bybit,-11.1504
2026-04-18,HYPE,bybit,-6.8631
2026-04-19,HYPE,bybit,1.183
2026-04-20,HYPE,bybit,10.95
2026-04-21,HYPE,bybit,10.95
2026-04-22,HYPE,bybit,4.441
2026-04-23,HYPE,bybit,0.0263
2026-04-24,HYPE,bybit,8.6823
2026-04-25,HYPE,bybit,1.4005
2026-04-26,HYPE,bybit,1.2388
2026-04-27,HYPE,bybit,9.4323
2026-04-28,HYPE,bybit,5.1184
2026-04-29,HYPE,bybit,6.0539
2026-04-30,HYPE,bybit,-4.1292
2026-05-01,HYPE,bybit,-15.1533
2026-05-02,HYPE,bybit,10.95
2026-05-03,HYPE,bybit,10.95
2026-05-04,HYPE,bybit,10.95
2026-05-05,HYPE,bybit,10.205
2026-05-06,HYPE,bybit,-11.6242
2026-05-07,HYPE,bybit,10.95
2026-05-08,HYPE,bybit,9.482
2026-05-09,HYPE,bybit,3.5226
2026-05-10,HYPE,bybit,2.3926
2026-05-11,HYPE,bybit,-5.8728
2026-05-12,HYPE,bybit,8.353
2026-05-13,HYPE,bybit,7.8398
2026-05-14,HYPE,bybit,3.8135
2026-05-15,HYPE,bybit,-5.487
2026-05-16,HYPE,bybit,-9.7703
2026-04-16,HYPE,gate,-19.3815
2026-04-17,HYPE,gate,-1.2045
2026-04-18,HYPE,gate,-2.3725
2026-04-19,HYPE,gate,10.95
2026-04-20,HYPE,gate,10.95
2026-04-21,HYPE,gate,10.804
2026-04-22,HYPE,gate,4.015
2026-04-23,HYPE,gate,7.4095
2026-04-24,HYPE,gate,7.373
2026-04-25,HYPE,gate,10.95
2026-04-26,HYPE,gate,10.95
2026-04-27,HYPE,gate,10.95
2026-04-28,HYPE,gate,-0.4745
2026-04-29,HYPE,gate,10.95
2026-04-30,HYPE,gate,6.716
2026-05-01,HYPE,gate,-13.14
2026-05-02,HYPE,gate,3.723
2026-05-03,HYPE,gate,10.95
2026-05-04,HYPE,gate,10.95
2026-05-05,HYPE,gate,3.3215
2026-05-06,HYPE,gate,8.5045
2026-05-07,HYPE,gate,10.95
2026-05-08,HYPE,gate,8.541
2026-05-09,HYPE,gate,6.8255
2026-05-10,HYPE,gate,10.7675
2026-05-11,HYPE,gate,0.949
2026-05-12,HYPE,gate,-1.971
2026-05-13,HYPE,gate,0.803
2026-05-14,HYPE,gate,-4.818
2026-05-15,HYPE,gate,-0.73
2026-05-16,HYPE,gate,1.2264
2026-04-16,HYPE,hyperliquid,-1.346
2026-04-17,HYPE,hyperliquid,7.3634
2026-04-18,HYPE,hyperliquid,-1.4914
2026-04-19,HYPE,hyperliquid,-4.2467
2026-04-20,HYPE,hyperliquid,9.557
2026-04-21,HYPE,hyperliquid,9.9705
2026-04-22,HYPE,hyperliquid,4.6376
2026-04-23,HYPE,hyperliquid,2.0756
2026-04-24,HYPE,hyperliquid,10.8768
2026-04-25,HYPE,hyperliquid,10.95
2026-04-26,HYPE,hyperliquid,4.2608
2026-04-27,HYPE,hyperliquid,10.0978
2026-04-28,HYPE,hyperliquid,5.5791
2026-04-29,HYPE,hyperliquid,2.2287
2026-04-30,HYPE,hyperliquid,6.6182
2026-05-01,HYPE,hyperliquid,8.8941
2026-05-02,HYPE,hyperliquid,11.7432
2026-05-03,HYPE,hyperliquid,10.95
2026-05-04,HYPE,hyperliquid,10.4258
2026-05-05,HYPE,hyperliquid,9.6178
2026-05-06,HYPE,hyperliquid,-0.9779
2026-05-07,HYPE,hyperliquid,12.7772
2026-05-08,HYPE,hyperliquid,10.95
2026-05-09,HYPE,hyperliquid,9.2925
2026-05-10,HYPE,hyperliquid,8.067
2026-05-11,HYPE,hyperliquid,3.2142
2026-05-12,HYPE,hyperliquid,10.5034
2026-05-13,HYPE,hyperliquid,8.6046
2026-05-14,HYPE,hyperliquid,10.0106
2026-05-15,HYPE,hyperliquid,10.8785
2026-05-16,HYPE,hyperliquid,10.4959
2026-04-16,HYPE,okx,-18.9714
2026-04-17,HYPE,okx,-19.6734
2026-04-18,HYPE,okx,1.9175
2026-04-19,HYPE,okx,9.8097
2026-04-20,HYPE,okx,10.95
2026-04-21,HYPE,okx,10.95
2026-04-22,HYPE,okx,0.5754
2026-04-23,HYPE,okx,2.5929
2026-04-24,HYPE,okx,8.9289
2026-04-25,HYPE,okx,10.6485
2026-04-26,HYPE,okx,1.9451
2026-04-27,HYPE,okx,4.9247
2026-04-28,HYPE,okx,3.0822
2026-04-29,HYPE,okx,0.0838
2026-04-30,HYPE,okx,1.0027
2026-05-01,HYPE,okx,-5.765
2026-05-02,HYPE,okx,10.95
2026-05-03,HYPE,okx,10.95
2026-05-04,HYPE,okx,10.95
2026-05-05,HYPE,okx,5.9839
2026-05-06,HYPE,okx,0.2731
2026-05-07,HYPE,okx,10.95
2026-05-08,HYPE,okx,10.95
2026-05-09,HYPE,okx,8.6761
2026-05-10,HYPE,okx,0.6586
2026-05-11,HYPE,okx,-3.3719
2026-05-12,HYPE,okx,3.4711
2026-05-13,HYPE,okx,5.1944
2026-05-14,HYPE,okx,0.7599
2026-05-15,HYPE,okx,9.3862
2026-05-16,HYPE,okx,-2.7583
2026-04-16,SOL,binance,9.9437
2026-04-17,SOL,binance,5.1436
2026-04-18,SOL,binance,-5.8035
2026-04-19,SOL,binance,-8.4242
2026-04-20,SOL,binance,-1.9381
2026-04-21,SOL,binance,4.3271
2026-04-22,SOL,binance,9.7367
2026-04-23,SOL,binance,2.2575
2026-04-24,SOL,binance,-5.7842
2026-04-25,SOL,binance,0.6077
2026-04-26,SOL,binance,1.6345
2026-04-27,SOL,binance,-5.2093
2026-04-28,SOL,binance,-5.3699
2026-04-29,SOL,binance,-0.2241
2026-04-30,SOL,binance,4.3121
2026-05-01,SOL,binance,4.6337
2026-05-02,SOL,binance,0.5749
2026-05-03,SOL,binance,-0.2212
2026-05-04,SOL,binance,7.0507
2026-05-05,SOL,binance,8.7027
2026-05-06,SOL,binance,9.3831
2026-05-07,SOL,binance,4.1333
2026-05-08,SOL,binance,6.8182
2026-05-09,SOL,binance,5.7615
2026-05-10,SOL,binance,-1.6702
2026-05-11,SOL,binance,6.916
2026-05-12,SOL,binance,1.96
2026-05-13,SOL,binance,-1.3297
2026-05-14,SOL,binance,-8.5008
2026-05-15,SOL,binance,1.6221
2026-05-16,SOL,binance,-0.0336
2026-04-16,SOL,bitget,-0.657
2026-04-17,SOL,bitget,4.1975
2026-04-18,SOL,bitget,0.4015
2026-04-19,SOL,bitget,-6.7525
2026-04-20,SOL,bitget,3.431
2026-04-21,SOL,bitget,9.782
2026-04-22,SOL,bitget,7.446
2026-04-23,SOL,bitget,3.8325
2026-04-24,SOL,bitget,-5.9495
2026-04-25,SOL,bitget,2.482
2026-04-26,SOL,bitget,-1.1315
2026-04-27,SOL,bitget,-2.409
2026-04-28,SOL,bitget,1.2045
2026-04-29,SOL,bitget,2.701
2026-04-30,SOL,bitget,7.519
2026-05-01,SOL,bitget,1.022
2026-05-02,SOL,bitget,0.0365
2026-05-03,SOL,bitget,-2.9565
2026-05-04,SOL,bitget,0.73
2026-05-05,SOL,bitget,1.752
2026-05-06,SOL,bitget,0.9125
2026-05-07,SOL,bitget,0.438
2026-05-08,SOL,bitget,3.066
2026-05-09,SOL,bitget,-2.6645
2026-05-10,SOL,bitget,-3.066
2026-05-11,SOL,bitget,6.8255
2026-05-12,SOL,bitget,6.8255
2026-05-13,SOL,bitget,10.877
2026-05-14,SOL,bitget,7.665
2026-05-15,SOL,bitget,10.95
2026-05-16,SOL,bitget,8.395
2026-04-16,SOL,bybit,8.9414
2026-04-17,SOL,bybit,5.3538
2026-04-18,SOL,bybit,-2.3553
2026-04-19,SOL,bybit,-2.7572
2026-04-20,SOL,bybit,2.8904
2026-04-21,SOL,bybit,7.711
2026-04-22,SOL,bybit,9.2079
2026-04-23,SOL,bybit,-1.4618
2026-04-24,SOL,bybit,-0.3982
2026-04-25,SOL,bybit,5.4739
2026-04-26,SOL,bybit,-2.6506
2026-04-27,SOL,bybit,-7.8588
2026-04-28,SOL,bybit,6.1433
2026-04-29,SOL,bybit,2.5868
2026-04-30,SOL,bybit,10.95
2026-05-01,SOL,bybit,6.9733
2026-05-02,SOL,bybit,5.6155
2026-05-03,SOL,bybit,-5.1487
2026-05-04,SOL,bybit,6.5981
2026-05-05,SOL,bybit,4.6162
2026-05-06,SOL,bybit,10.95
2026-05-07,SOL,bybit,3.3281
2026-05-08,SOL,bybit,7.792
2026-05-09,SOL,bybit,-4.015
2026-05-10,SOL,bybit,0.33
2026-05-11,SOL,bybit,10.0674
2026-05-12,SOL,bybit,5.1961
2026-05-13,SOL,bybit,3.1313
2026-05-14,SOL,bybit,-0.9891
2026-05-15,SOL,bybit,5.7407
2026-05-16,SOL,bybit,0.8114
2026-04-21,SOL,cme-jun,3.2026
2026-04-22,SOL,cme-jun,3.7386
2026-04-23,SOL,cme-jun,0.8273
2026-04-24,SOL,cme-jun,0.7845
2026-04-27,SOL,cme-jun,0.1485
2026-04-28,SOL,cme-jun,-0.4035
2026-04-29,SOL,cme-jun,-1.3304
2026-04-30,SOL,cme-jun,-0.2416
2026-05-01,SOL,cme-jun,0.4106
2026-05-04,SOL,cme-jun,1.4973
2026-05-05,SOL,cme-jun,1.2453
2026-05-06,SOL,cme-jun,0.5057
2026-05-07,SOL,cme-jun,0.9067
2026-05-08,SOL,cme-jun,1.0074
2026-05-10,SOL,cme-jun,-1.1933
2026-05-11,SOL,cme-jun,1.2861
2026-05-12,SOL,cme-jun,1.4937
2026-05-13,SOL,cme-jun,-3.3163
2026-04-16,SOL,cme-may,-0.6147
2026-04-17,SOL,cme-may,1.3309
2026-04-19,SOL,cme-may,1.0528
2026-04-20,SOL,cme-may,1.403
2026-04-21,SOL,cme-may,0.985
2026-04-22,SOL,cme-may,1.6079
2026-04-23,SOL,cme-may,-0.3327
2026-04-24,SOL,cme-may,0.6545
2026-04-26,SOL,cme-may,2.1623
2026-04-27,SOL,cme-may,0.3431
2026-04-28,SOL,cme-may,-1.2992
2026-04-29,SOL,cme-may,-1.3058
2026-04-30,SOL,cme-may,-0.6459
2026-05-01,SOL,cme-may,1.0221
2026-05-03,SOL,cme-may,1.1086
2026-05-04,SOL,cme-may,1.1347
2026-05-05,SOL,cme-may,1.0285
2026-05-06,SOL,cme-may,1.8627
2026-05-07,SOL,cme-may,1.0321
2026-05-08,SOL,cme-may,1.3377
2026-05-10,SOL,cme-may,0.8666
2026-05-11,SOL,cme-may,2.1306
2026-05-12,SOL,cme-may,2.7386
2026-05-13,SOL,cme-may,-0.4804
2026-04-16,SOL,gate,6.716
2026-04-17,SOL,gate,5.5115
2026-04-18,SOL,gate,-0.511
2026-04-19,SOL,gate,-6.2415
2026-04-20,SOL,gate,4.453
2026-04-21,SOL,gate,7.5555
2026-04-22,SOL,gate,7.592
2026-04-23,SOL,gate,-1.9345
2026-04-24,SOL,gate,-6.8255
2026-04-25,SOL,gate,1.2045
2026-04-26,SOL,gate,-3.066
2026-04-27,SOL,gate,-9.5995
2026-04-28,SOL,gate,2.0075
2026-04-29,SOL,gate,-1.7155
2026-04-30,SOL,gate,9.9645
2026-05-01,SOL,gate,5.2925
2026-05-02,SOL,gate,-2.5915
2026-05-03,SOL,gate,-3.285
2026-05-04,SOL,gate,0.4745
2026-05-05,SOL,gate,-0.1825
2026-05-06,SOL,gate,1.8615
2026-05-07,SOL,gate,-4.0515
2026-05-08,SOL,gate,3.9055
2026-05-09,SOL,gate,-3.6135
2026-05-10,SOL,gate,-1.7885
2026-05-11,SOL,gate,7.5555
2026-05-12,SOL,gate,2.263
2026-05-13,SOL,gate,6.935
2026-05-14,SOL,gate,3.5405
2026-05-15,SOL,gate,5.8765
2026-05-16,SOL,gate,5.767
2026-04-16,SOL,hyperliquid,-2.6915
2026-04-17,SOL,hyperliquid,4.9421
2026-04-18,SOL,hyperliquid,-1.9738
2026-04-19,SOL,hyperliquid,-3.0026
2026-04-20,SOL,hyperliquid,-2.7673
2026-04-21,SOL,hyperliquid,-0.9106
2026-04-22,SOL,hyperliquid,8.1024
2026-04-23,SOL,hyperliquid,4.2119
2026-04-24,SOL,hyperliquid,-6.11
2026-04-25,SOL,hyperliquid,-8.5484
2026-04-26,SOL,hyperliquid,-2.8689
2026-04-27,SOL,hyperliquid,-2.6751
2026-04-28,SOL,hyperliquid,-2.4348
2026-04-29,SOL,hyperliquid,4.848
2026-04-30,SOL,hyperliquid,5.9772
2026-05-01,SOL,hyperliquid,0.8617
2026-05-02,SOL,hyperliquid,4.0214
2026-05-03,SOL,hyperliquid,-2.4892
2026-05-04,SOL,hyperliquid,2.2362
2026-05-05,SOL,hyperliquid,3.6674
2026-05-06,SOL,hyperliquid,4.7154
2026-05-07,SOL,hyperliquid,3.0863
2026-05-08,SOL,hyperliquid,-0.9503
2026-05-09,SOL,hyperliquid,12.8629
2026-05-10,SOL,hyperliquid,12.0615
2026-05-11,SOL,hyperliquid,11.0917
2026-05-12,SOL,hyperliquid,10.8653
2026-05-13,SOL,hyperliquid,4.0589
2026-05-14,SOL,hyperliquid,0.8061
2026-05-15,SOL,hyperliquid,1.4432
2026-05-16,SOL,hyperliquid,-11.8325
2026-04-16,SOL,lighter,1.095
2026-04-17,SOL,lighter,2.117
2026-04-18,SOL,lighter,-0.7665
2026-04-19,SOL,lighter,6.9715
2026-04-20,SOL,lighter,10.439
2026-04-21,SOL,lighter,9.8185
2026-04-22,SOL,lighter,9.7455
2026-04-23,SOL,lighter,4.1975
2026-04-24,SOL,lighter,-2.701
2026-04-25,SOL,lighter,3.285
2026-04-26,SOL,lighter,5.8035
2026-04-27,SOL,lighter,-1.971
2026-04-28,SOL,lighter,-12.848
2026-04-29,SOL,lighter,-1.022
2026-04-30,SOL,lighter,5.256
2026-05-01,SOL,lighter,5.8765
2026-05-02,SOL,lighter,4.161
2026-05-03,SOL,lighter,0.292
2026-05-04,SOL,lighter,9.052
2026-05-05,SOL,lighter,1.533
2026-05-06,SOL,lighter,10.512
2026-05-07,SOL,lighter,8.5775
2026-05-08,SOL,lighter,9.5265
2026-05-09,SOL,lighter,8.03
2026-05-10,SOL,lighter,0.876
2026-05-11,SOL,lighter,8.395
2026-05-12,SOL,lighter,3.9055
2026-05-13,SOL,lighter,-5.7305
2026-05-14,SOL,lighter,2.336
2026-05-15,SOL,lighter,7.0445
2026-05-16,SOL,lighter,-2.044
2026-04-16,SOL,okx,9.6495
2026-04-17,SOL,okx,8.2648
2026-04-18,SOL,okx,1.0362
2026-04-19,SOL,okx,-9.9435
2026-04-20,SOL,okx,4.5307
2026-04-21,SOL,okx,8.2512
2026-04-22,SOL,okx,9.0393
2026-04-23,SOL,okx,-1.0609
2026-04-24,SOL,okx,-3.7898
2026-04-25,SOL,okx,0.0345
2026-04-26,SOL,okx,-0.9239
2026-04-27,SOL,okx,-5.2545
2026-04-28,SOL,okx,-0.9043
2026-04-29,SOL,okx,-1.6128
2026-04-30,SOL,okx,3.911
2026-05-01,SOL,okx,8.7222
2026-05-02,SOL,okx,-2.5946
2026-05-03,SOL,okx,-0.0637
2026-05-04,SOL,okx,3.0807
2026-05-05,SOL,okx,7.2994
2026-05-06,SOL,okx,8.8708
2026-05-07,SOL,okx,4.1629
2026-05-08,SOL,okx,-3.2868
2026-05-09,SOL,okx,-2.3699
2026-05-10,SOL,okx,-0.5837
2026-05-11,SOL,okx,3.1894
2026-05-12,SOL,okx,0.482
2026-05-13,SOL,okx,3.6538
2026-05-14,SOL,okx,-7.1885
2026-05-15,SOL,okx,2.4707
2026-05-16,SOL,okx,2.841
2026-04-16,XAG,binance,0.0
2026-04-17,XAG,binance,3.7256
2026-04-18,XAG,binance,6.1309
2026-04-19,XAG,binance,-210.7791
2026-04-20,XAG,binance,-29.3781
2026-04-21,XAG,binance,1.6724
2026-04-22,XAG,binance,0.3216
2026-04-23,XAG,binance,7.4734
2026-04-24,XAG,binance,15.6742
2026-04-25,XAG,binance,11.5157
2026-04-26,XAG,binance,129.8856
2026-04-27,XAG,binance,21.9208
2026-04-28,XAG,binance,29.1511
2026-04-29,XAG,binance,41.306
2026-04-30,XAG,binance,23.2906
2026-05-01,XAG,binance,29.7924
2026-05-02,XAG,binance,29.5343
2026-05-03,XAG,binance,331.3444
2026-05-04,XAG,binance,52.1421
2026-05-05,XAG,binance,17.9197
2026-05-06,XAG,binance,13.9773
2026-05-07,XAG,binance,4.5483
2026-05-08,XAG,binance,7.3858
2026-05-09,XAG,binance,0.0
2026-05-10,XAG,binance,-4.6209
2026-05-11,XAG,binance,7.0664
2026-05-12,XAG,binance,12.8947
2026-05-13,XAG,binance,6.1758
2026-05-14,XAG,binance,2.6203
2026-05-15,XAG,binance,40.6975
2026-05-16,XAG,binance,-2.388
2026-04-16,XAG,cme-jun,-1.0923
2026-04-17,XAG,cme-jun,-1.107
2026-04-19,XAG,cme-jun,-2.0367
2026-04-20,XAG,cme-jun,6.4036
2026-04-21,XAG,cme-jun,5.0858
2026-04-22,XAG,cme-jun,6.2103
2026-04-23,XAG,cme-jun,-2.5504
2026-04-24,XAG,cme-jun,-2.5904
2026-04-26,XAG,cme-jun,1.8977
2026-04-27,XAG,cme-jun,11.1316
2026-04-28,XAG,cme-jun,-9.8878
2026-04-29,XAG,cme-jun,0.4332
2026-04-30,XAG,cme-jun,9.1425
2026-05-01,XAG,cme-jun,1.3209
2026-05-03,XAG,cme-jun,30.4114
2026-05-04,XAG,cme-jun,0.7943
2026-05-05,XAG,cme-jun,1.311
2026-05-06,XAG,cme-jun,1.6848
2026-05-07,XAG,cme-jun,0.2247
2026-05-08,XAG,cme-jun,1.1874
2026-05-10,XAG,cme-jun,-50.2461
2026-05-11,XAG,cme-jun,4.3835
2026-05-12,XAG,cme-jun,0.4426
2026-05-13,XAG,cme-jun,-7.166
2026-04-16,XAG,cme-may,-4.1622
2026-04-17,XAG,cme-may,-15.2403
2026-04-19,XAG,cme-may,-4.7881
2026-04-20,XAG,cme-may,6.1055
2026-04-21,XAG,cme-may,5.5379
2026-04-22,XAG,cme-may,8.1753
2026-04-23,XAG,cme-may,-10.7196
2026-04-24,XAG,cme-may,-7.6317
2026-04-26,XAG,cme-may,1.6637
2026-04-27,XAG,cme-may,18.3184
2026-04-28,XAG,cme-may,-22.8368
2026-04-29,XAG,cme-may,2.9148
2026-05-06,XAG,cme-may,3.9378
2026-05-07,XAG,cme-may,3.4395
2026-05-08,XAG,cme-may,3.7554
2026-05-11,XAG,cme-may,3.1421
2026-05-12,XAG,cme-may,3.1712
2026-04-16,XAG,cme-sep,2.6766
2026-04-17,XAG,cme-sep,-0.1086
2026-04-19,XAG,cme-sep,2.5868
2026-04-20,XAG,cme-sep,5.372
2026-04-21,XAG,cme-sep,4.6962
2026-04-22,XAG,cme-sep,4.869
2026-04-23,XAG,cme-sep,1.0046
2026-04-24,XAG,cme-sep,2.5933
2026-04-26,XAG,cme-sep,3.9165
2026-04-27,XAG,cme-sep,7.2649
2026-04-28,XAG,cme-sep,0.9642
2026-04-29,XAG,cme-sep,3.2812
2026-04-30,XAG,cme-sep,5.6923
2026-05-01,XAG,cme-sep,2.9167
2026-05-03,XAG,cme-sep,8.6491
2026-05-04,XAG,cme-sep,2.9882
2026-05-05,XAG,cme-sep,3.3672
2026-05-06,XAG,cme-sep,3.0749
2026-05-07,XAG,cme-sep,2.7739
2026-05-08,XAG,cme-sep,2.9058
2026-05-10,XAG,cme-sep,-1.3055
2026-05-11,XAG,cme-sep,3.5397
2026-05-12,XAG,cme-sep,3.2102
2026-05-13,XAG,cme-sep,0.4793
2026-04-16,XAG,hyperliquid,9.8601
2026-04-17,XAG,hyperliquid,13.2286
2026-04-18,XAG,hyperliquid,-2.5526
2026-04-19,XAG,hyperliquid,-55.07
2026-04-20,XAG,hyperliquid,1.2855
2026-04-21,XAG,hyperliquid,3.3404
2026-04-22,XAG,hyperliquid,3.3368
2026-04-23,XAG,hyperliquid,7.0689
2026-04-24,XAG,hyperliquid,6.5545
2026-04-25,XAG,hyperliquid,5.4054
2026-04-26,XAG,hyperliquid,25.7963
2026-04-27,XAG,hyperliquid,5.561
2026-04-28,XAG,hyperliquid,12.3522
2026-04-29,XAG,hyperliquid,8.8761
2026-04-30,XAG,hyperliquid,7.9767
2026-05-01,XAG,hyperliquid,10.0226
2026-05-02,XAG,hyperliquid,5.5258
2026-05-03,XAG,hyperliquid,41.1095
2026-05-04,XAG,hyperliquid,11.8526
2026-05-05,XAG,hyperliquid,13.6938
2026-05-06,XAG,hyperliquid,23.6302
2026-05-07,XAG,hyperliquid,19.1581
2026-05-08,XAG,hyperliquid,9.4365
2026-05-09,XAG,hyperliquid,5.4793
2026-05-10,XAG,hyperliquid,-2.6667
2026-05-11,XAG,hyperliquid,15.1756
2026-05-12,XAG,hyperliquid,7.3454
2026-05-13,XAG,hyperliquid,8.8082
2026-05-14,XAG,hyperliquid,11.1557
2026-05-15,XAG,hyperliquid,18.942
2026-05-16,XAG,hyperliquid,-4.1289
2026-04-16,XAU,binance,0.0
2026-04-17,XAU,binance,0.0
2026-04-18,XAU,binance,-48.1333
2026-04-19,XAU,binance,-211.3379
2026-04-20,XAU,binance,-13.9894
2026-04-21,XAU,binance,3.4916
2026-04-22,XAU,binance,5.8557
2026-04-23,XAU,binance,8.6691
2026-04-24,XAU,binance,9.5907
2026-04-25,XAU,binance,9.7703
2026-04-26,XAU,binance,42.1166
2026-04-27,XAU,binance,13.1597
2026-04-28,XAU,binance,14.4949
2026-04-29,XAU,binance,26.6552
2026-04-30,XAU,binance,10.7598
2026-05-01,XAU,binance,15.3581
2026-05-02,XAU,binance,9.1476
2026-05-03,XAU,binance,67.0399
2026-05-04,XAU,binance,23.6703
2026-05-05,XAU,binance,5.7418
2026-05-06,XAU,binance,2.8346
2026-05-07,XAU,binance,0.0
2026-05-08,XAU,binance,0.0
2026-05-09,XAU,binance,0.0
2026-05-10,XAU,binance,0.0
2026-05-11,XAU,binance,9.0469
2026-05-12,XAU,binance,9.0166
2026-05-13,XAU,binance,2.8123
2026-05-14,XAU,binance,5.3648
2026-05-15,XAU,binance,33.7851
2026-05-16,XAU,binance,0.0
2026-04-16,XAU,bybit,-2.0977
2026-04-17,XAU,bybit,5.9495
2026-04-18,XAU,bybit,-8.6505
2026-04-19,XAU,bybit,10.95
2026-04-20,XAU,bybit,10.95
2026-04-21,XAU,bybit,10.95
2026-04-22,XAU,bybit,10.95
2026-04-23,XAU,bybit,10.95
2026-04-24,XAU,bybit,10.95
2026-04-25,XAU,bybit,10.95
2026-04-26,XAU,bybit,10.95
2026-04-27,XAU,bybit,10.95
2026-04-28,XAU,bybit,10.95
2026-04-29,XAU,bybit,10.95
2026-04-30,XAU,bybit,10.95
2026-05-01,XAU,bybit,10.95
2026-05-02,XAU,bybit,10.95
2026-05-03,XAU,bybit,10.95
2026-05-04,XAU,bybit,10.95
2026-05-05,XAU,bybit,10.95
2026-05-06,XAU,bybit,10.95
2026-05-07,XAU,bybit,10.95
2026-05-08,XAU,bybit,10.95
2026-05-09,XAU,bybit,10.95
2026-05-10,XAU,bybit,10.95
2026-05-11,XAU,bybit,10.95
2026-05-12,XAU,bybit,10.95
2026-05-13,XAU,bybit,10.95
2026-05-14,XAU,bybit,10.95
2026-05-15,XAU,bybit,10.95
2026-05-16,XAU,bybit,10.95
2026-04-16,XAU,cme-jun,2.8814
2026-04-17,XAU,cme-jun,3.5818
2026-04-19,XAU,cme-jun,0.5565
2026-04-20,XAU,cme-jun,4.1097
2026-04-21,XAU,cme-jun,5.904
2026-04-22,XAU,cme-jun,0.3278
2026-04-23,XAU,cme-jun,-2.5729
2026-04-24,XAU,cme-jun,1.3359
2026-04-26,XAU,cme-jun,1.7553
2026-04-27,XAU,cme-jun,3.3629
2026-04-28,XAU,cme-jun,-6.9696
2026-04-29,XAU,cme-jun,4.1432
2026-04-30,XAU,cme-jun,2.5104
2026-05-01,XAU,cme-jun,2.4986
2026-05-03,XAU,cme-jun,15.0795
2026-05-04,XAU,cme-jun,0.8108
2026-05-05,XAU,cme-jun,5.422
2026-05-06,XAU,cme-jun,2.0159
2026-05-07,XAU,cme-jun,-0.8002
2026-05-08,XAU,cme-jun,0.8671
2026-05-10,XAU,cme-jun,-4.4302
2026-05-11,XAU,cme-jun,3.9408
2026-05-12,XAU,cme-jun,1.1509
2026-05-13,XAU,cme-jun,4.1657
2026-04-16,XAU,cme-may,-0.7469
2026-04-17,XAU,cme-may,0.9599
2026-04-19,XAU,cme-may,-2.4463
2026-04-20,XAU,cme-may,5.6469
2026-04-21,XAU,cme-may,6.2517
2026-04-22,XAU,cme-may,-2.9553
2026-04-23,XAU,cme-may,-7.4273
2026-04-24,XAU,cme-may,-1.4271
2026-04-26,XAU,cme-may,-0.4621
2026-04-27,XAU,cme-may,2.9747
2026-04-28,XAU,cme-may,-17.1101
2026-04-16,XAU,cme-sep,3.0488
2026-04-17,XAU,cme-sep,3.3936
2026-04-19,XAU,cme-sep,2.5627
2026-04-20,XAU,cme-sep,4.6343
2026-04-21,XAU,cme-sep,4.409
2026-04-22,XAU,cme-sep,2.7093
2026-04-23,XAU,cme-sep,1.5991
2026-04-24,XAU,cme-sep,3.1021
2026-04-26,XAU,cme-sep,4.2017
2026-04-27,XAU,cme-sep,3.7198
2026-04-28,XAU,cme-sep,1.5913
2026-04-29,XAU,cme-sep,2.6294
2026-04-30,XAU,cme-sep,3.1596
2026-05-01,XAU,cme-sep,3.7316
2026-05-03,XAU,cme-sep,6.3561
2026-05-04,XAU,cme-sep,3.0077
2026-05-05,XAU,cme-sep,2.8219
2026-05-06,XAU,cme-sep,3.1816
2026-05-07,XAU,cme-sep,2.6992
2026-05-08,XAU,cme-sep,2.9681
2026-05-10,XAU,cme-sep,2.5472
2026-05-11,XAU,cme-sep,3.2337
2026-05-12,XAU,cme-sep,3.1735
2026-05-13,XAU,cme-sep,3.8648
2026-04-16,XAU,hyperliquid,6.6325
2026-04-17,XAU,hyperliquid,6.2901
2026-04-18,XAU,hyperliquid,-5.3
2026-04-19,XAU,hyperliquid,-22.8645
2026-04-20,XAU,hyperliquid,5.5207
2026-04-21,XAU,hyperliquid,9.8594
2026-04-22,XAU,hyperliquid,15.8788
2026-04-23,XAU,hyperliquid,15.244
2026-04-24,XAU,hyperliquid,8.5701
2026-04-25,XAU,hyperliquid,3.2247
2026-04-26,XAU,hyperliquid,5.7426
2026-04-27,XAU,hyperliquid,9.5002
2026-04-28,XAU,hyperliquid,8.9629
2026-04-29,XAU,hyperliquid,17.4195
2026-04-30,XAU,hyperliquid,9.4804
2026-05-01,XAU,hyperliquid,8.281
2026-05-02,XAU,hyperliquid,5.475
2026-05-03,XAU,hyperliquid,18.2188
2026-05-04,XAU,hyperliquid,8.0732
2026-05-05,XAU,hyperliquid,6.4297
2026-05-06,XAU,hyperliquid,6.0379
2026-05-07,XAU,hyperliquid,8.0844
2026-05-08,XAU,hyperliquid,5.475
2026-05-09,XAU,hyperliquid,5.2959
2026-05-10,XAU,hyperliquid,5.6909
2026-05-11,XAU,hyperliquid,20.2816
2026-05-12,XAU,hyperliquid,9.8545
2026-05-13,XAU,hyperliquid,11.6762
2026-05-14,XAU,hyperliquid,13.7454
2026-05-15,XAU,hyperliquid,14.7518
2026-05-16,XAU,hyperliquid,1.2514
2026-04-16,XAU,okx,4.5736
2026-04-17,XAU,okx,2.3422
2026-04-18,XAU,okx,-14.7898
2026-04-19,XAU,okx,8.3636
2026-04-20,XAU,okx,10.95
2026-04-21,XAU,okx,10.95
2026-04-22,XAU,okx,10.95
2026-04-23,XAU,okx,10.95
2026-04-24,XAU,okx,10.95
2026-04-25,XAU,okx,10.95
2026-04-26,XAU,okx,10.95
2026-04-27,XAU,okx,10.95
2026-04-28,XAU,okx,10.95
2026-04-29,XAU,okx,10.95
2026-04-30,XAU,okx,10.95
2026-05-01,XAU,okx,10.95
2026-05-02,XAU,okx,10.95
2026-05-03,XAU,okx,10.95
2026-05-04,XAU,okx,10.95
2026-05-05,XAU,okx,10.95
2026-05-06,XAU,okx,10.95
2026-05-07,XAU,okx,10.95
2026-05-08,XAU,okx,10.95
2026-05-09,XAU,okx,10.95
2026-05-10,XAU,okx,10.95
2026-05-11,XAU,okx,10.95
2026-05-12,XAU,okx,10.95
2026-05-13,XAU,okx,10.95
2026-05-14,XAU,okx,10.95
2026-05-15,XAU,okx,10.95
2026-05-16,XAU,okx,10.95
2026-04-16,XRP,binance,4.1647
2026-04-17,XRP,binance,4.084
2026-04-18,XRP,binance,4.2106
2026-04-19,XRP,binance,0.9607
2026-04-20,XRP,binance,0.853
2026-04-21,XRP,binance,3.5394
2026-04-22,XRP,binance,3.6376
2026-04-23,XRP,binance,-4.7472
2026-04-24,XRP,binance,3.5328
2026-04-25,XRP,binance,0.2668
2026-04-26,XRP,binance,-4.4315
2026-04-27,XRP,binance,-2.1805
2026-04-28,XRP,binance,1.406
2026-04-29,XRP,binance,-4.7231
2026-04-30,XRP,binance,-0.084
2026-05-01,XRP,binance,-0.5256
2026-05-02,XRP,binance,0.0464
2026-05-03,XRP,binance,2.6287
2026-05-04,XRP,binance,3.8526
2026-05-05,XRP,binance,3.8686
2026-05-06,XRP,binance,4.0062
2026-05-07,XRP,binance,-3.9522
2026-05-08,XRP,binance,-2.6864
2026-05-09,XRP,binance,8.9038
2026-05-10,XRP,binance,4.3085
2026-05-11,XRP,binance,4.6472
2026-05-12,XRP,binance,1.0147
2026-05-13,XRP,binance,2.0911
2026-05-14,XRP,binance,4.6089
2026-05-15,XRP,binance,-0.3351
2026-05-16,XRP,binance,-1.4746
2026-04-16,XRP,bitget,4.2705
2026-04-17,XRP,bitget,5.256
2026-04-18,XRP,bitget,3.6865
2026-04-19,XRP,bitget,0.146
2026-04-20,XRP,bitget,2.701
2026-04-21,XRP,bitget,3.6865
2026-04-22,XRP,bitget,3.6865
2026-04-23,XRP,bitget,-3.6865
2026-04-24,XRP,bitget,5.986
2026-04-25,XRP,bitget,9.8185
2026-04-26,XRP,bitget,6.059
2026-04-27,XRP,bitget,0.1095
2026-04-28,XRP,bitget,5.3655
2026-04-29,XRP,bitget,5.0735
2026-04-30,XRP,bitget,5.1465
2026-05-01,XRP,bitget,4.5625
2026-05-02,XRP,bitget,3.3215
2026-05-03,XRP,bitget,-1.7885
2026-05-04,XRP,bitget,-4.599
2026-05-05,XRP,bitget,6.0225
2026-05-06,XRP,bitget,1.3505
2026-05-07,XRP,bitget,-2.482
2026-05-08,XRP,bitget,5.256
2026-05-09,XRP,bitget,10.95
2026-05-10,XRP,bitget,3.723
2026-05-11,XRP,bitget,8.7235
2026-05-12,XRP,bitget,9.928
2026-05-13,XRP,bitget,7.3
2026-05-14,XRP,bitget,3.4675
2026-05-15,XRP,bitget,6.205
2026-05-16,XRP,bitget,3.577
2026-04-16,XRP,bybit,8.8918
2026-04-17,XRP,bybit,6.3499
2026-04-18,XRP,bybit,4.3716
2026-04-19,XRP,bybit,1.7662
2026-04-20,XRP,bybit,-0.5971
2026-04-21,XRP,bybit,3.9603
2026-04-22,XRP,bybit,8.3337
2026-04-23,XRP,bybit,-4.2095
2026-04-24,XRP,bybit,2.874
2026-04-25,XRP,bybit,4.8797
2026-04-26,XRP,bybit,3.9216
2026-04-27,XRP,bybit,0.3515
2026-04-28,XRP,bybit,2.3404
2026-04-29,XRP,bybit,1.5443
2026-04-30,XRP,bybit,3.4971
2026-05-01,XRP,bybit,6.5616
2026-05-02,XRP,bybit,-0.5628
2026-05-03,XRP,bybit,1.6191
2026-05-04,XRP,bybit,-0.3084
2026-05-05,XRP,bybit,7.4292
2026-05-06,XRP,bybit,4.5771
2026-05-07,XRP,bybit,-10.9777
2026-05-08,XRP,bybit,-0.2405
2026-05-09,XRP,bybit,1.8918
2026-05-10,XRP,bybit,2.2666
2026-05-11,XRP,bybit,2.7689
2026-05-12,XRP,bybit,-0.1438
2026-05-13,XRP,bybit,3.9267
2026-05-14,XRP,bybit,9.382
2026-05-15,XRP,bybit,-0.1898
2026-05-16,XRP,bybit,-11.2529
2026-04-16,XRP,gate,5.4385
2026-04-17,XRP,gate,7.9935
2026-04-18,XRP,gate,4.088
2026-04-19,XRP,gate,5.9495
2026-04-20,XRP,gate,4.5625
2026-04-21,XRP,gate,-0.6935
2026-04-22,XRP,gate,-0.949
2026-04-23,XRP,gate,-7.884
2026-04-24,XRP,gate,9.709
2026-04-25,XRP,gate,1.679
2026-04-26,XRP,gate,3.65
2026-04-27,XRP,gate,3.5405
2026-04-28,XRP,gate,-2.3725
2026-04-29,XRP,gate,-5.11
2026-04-30,XRP,gate,3.1025
2026-05-01,XRP,gate,1.9345
2026-05-02,XRP,gate,3.3945
2026-05-03,XRP,gate,-4.1975
2026-05-04,XRP,gate,-3.796
2026-05-05,XRP,gate,5.84
2026-05-06,XRP,gate,6.862
2026-05-07,XRP,gate,6.059
2026-05-08,XRP,gate,1.2045
2026-05-09,XRP,gate,10.95
2026-05-10,XRP,gate,5.5845
2026-05-11,XRP,gate,5.183
2026-05-12,XRP,gate,2.2995
2026-05-13,XRP,gate,-0.6935
2026-05-14,XRP,gate,3.0295
2026-05-15,XRP,gate,2.8105
2026-05-16,XRP,gate,0.803
2026-04-16,XRP,hyperliquid,6.4958
2026-04-17,XRP,hyperliquid,8.4272
2026-04-18,XRP,hyperliquid,2.0206
2026-04-19,XRP,hyperliquid,7.7346
2026-04-20,XRP,hyperliquid,0.7526
2026-04-21,XRP,hyperliquid,5.588
2026-04-22,XRP,hyperliquid,7.1617
2026-04-23,XRP,hyperliquid,2.0383
2026-04-24,XRP,hyperliquid,6.0628
2026-04-25,XRP,hyperliquid,0.352
2026-04-26,XRP,hyperliquid,-1.1513
2026-04-27,XRP,hyperliquid,2.2827
2026-04-28,XRP,hyperliquid,-2.0192
2026-04-29,XRP,hyperliquid,-2.1281
2026-04-30,XRP,hyperliquid,-5.0339
2026-05-01,XRP,hyperliquid,-4.34
2026-05-02,XRP,hyperliquid,-2.4067
2026-05-03,XRP,hyperliquid,-3.5416
2026-05-04,XRP,hyperliquid,-0.9812
2026-05-05,XRP,hyperliquid,5.9994
2026-05-06,XRP,hyperliquid,0.8152
2026-05-07,XRP,hyperliquid,-4.2773
2026-05-08,XRP,hyperliquid,3.7011
2026-05-09,XRP,hyperliquid,10.4919
2026-05-10,XRP,hyperliquid,10.5723
2026-05-11,XRP,hyperliquid,10.95
2026-05-12,XRP,hyperliquid,6.3001
2026-05-13,XRP,hyperliquid,3.4737
2026-05-14,XRP,hyperliquid,5.5603
2026-05-15,XRP,hyperliquid,1.091
2026-05-16,XRP,hyperliquid,-10.9011
2026-04-16,XRP,okx,10.95
2026-04-17,XRP,okx,10.95
2026-04-18,XRP,okx,10.95
2026-04-19,XRP,okx,7.25
2026-04-20,XRP,okx,8.2954
2026-04-21,XRP,okx,4.3795
2026-04-22,XRP,okx,10.5326
2026-04-23,XRP,okx,3.1153
2026-04-24,XRP,okx,7.0704
2026-04-25,XRP,okx,1.3872
2026-04-26,XRP,okx,6.8404
2026-04-27,XRP,okx,-4.1301
2026-04-28,XRP,okx,4.4528
2026-04-29,XRP,okx,-1.9142
2026-04-30,XRP,okx,1.2764
2026-05-01,XRP,okx,0.079
2026-05-02,XRP,okx,6.6484
2026-05-03,XRP,okx,8.0913
2026-05-04,XRP,okx,7.686
2026-05-05,XRP,okx,8.1276
2026-05-06,XRP,okx,6.2345
2026-05-07,XRP,okx,-3.5083
2026-05-08,XRP,okx,-9.408
2026-05-09,XRP,okx,3.1134
2026-05-10,XRP,okx,8.8984
2026-05-11,XRP,okx,10.9213
2026-05-12,XRP,okx,4.4342
2026-05-13,XRP,okx,7.155
2026-05-14,XRP,okx,4.7835
2026-05-15,XRP,okx,3.8933
2026-05-16,XRP,okx,2.9242
